Pond,chla,chlaLOG
1,0.109912494,0.09564826
2,0.017538434,0.019631915
3,0.057252571,0.054948774
4,0.017113806,0.01920613
5,0.002322046,0.002224495
6,0.022799142,0.024773717
7,0.014134437,0.016163487
8,0.009350418,0.011018598
9,0.006305536,0.007491169
10,0.015435755,0.017504978
11,0.004168589,0.004811083
12,0.006679727,0.007939777
